<restaurants>
    <restaurant id="0" name="Kabana">
        <cuisine>Indian</cuisine>
        <city>Berkeley</city>
        <open>12pm</open>
        <close>9pm</close>
    </restaurant>
    <restaurant id="1" name="Cheeseboard">
        <cuisine>Italian</cuisine>
        <city>Berkeley</city>
        <open>11am</open>
        <close>8pm</close>
    </restaurant>
    <restaurant id="2" name="The Butcher's Son">
        <cuisine>American</cuisine>
        <city>Berkeley</city>
        <open>9am</open>
        <close>3pm</close>
    </restaurant>
</restaurants>